Metabolite_name,RefMet_name,Effect_Size,p_value,q_value
adrenate,Adrenic acid,1.0115247790738957,5.9623566668890254e-24,2.8559688434398436e-21
arachidonate,Arachidonic acid,0.8818525364912256,4.8170516514955414e-23,1.1536838705331822e-20
ethyl glucuronide,Ethyl glucuronide,-0.7780148268187801,7.09344856272672e-21,1.1325872871820329e-18
C16:0 SM,SM 18:1;O2/16:0,0.7985504385519502,2.527240568366308e-19,3.0263705806186536e-17
phenyllactate,Phenyllactic acid,0.8447309893389061,8.060207045527151e-18,7.721678349615011e-16
C18:2 CE [M+NH4]+,CE 18:2,0.8734918838185415,1.2969322539521318e-17,1.0353842494051185e-15
eicosadienoate,"11Z,14Z-Eicosadienoic acid",0.7946721540444869,2.5327117404126297e-17,1.7330984623680709e-15
C32:0 PC,PC 32:0,0.7601002827073202,4.026292132255043e-17,2.4107424141877073e-15
eicosatrienoate,Dihomo-gamma-linolenic acid,0.8514020506886446,1.043467469007357e-16,5.553565751716934e-15
N-acetylputrescine,N-Acetylputrescine,0.7826054944655106,2.2865168105118563e-16,1.0952415522351792e-14
docosapentaenoate,Docosapentaenoic acid,0.8761514906285122,2.5266285457475637e-16,1.1002318849209845e-14
docosahexaenoate,Docosahexaenoic acid,0.7548740988774816,4.106973956636378e-16,1.6393671043573542e-14
urobilin,L-Urobilin,-0.7779752651231412,7.035710358911357e-16,2.1063157886990876e-14
C24:1 SM,SM 18:1;O2/24:1,0.8522937263927541,5.99458718840925e-16,2.1063157886990876e-14
nicotinate,Nicotinic acid,-0.7141000891691778,6.933534499859669e-16,2.1063157886990876e-14
4-hydroxystyrene,4-Hydroxystyrene,0.797535612071147,6.374314404868716e-16,2.1063157886990876e-14
C18:2 CE,CE 18:2,0.7514647968130903,2.1359853187390243e-15,5.6840942648666257e-14
C18:1 LPC plasmalogen,LPC P-18:0 or LPC O-18:1,0.7610337297171895,2.023534738542677e-15,5.6840942648666257e-14
C20:4 CE [M+NH4]+,CE 20:4,0.8348789391867588,6.7321451697796944e-15,1.6972092296444598e-13
putrescine,Putrescine,0.8130308146252887,1.205726815724297e-14,2.8877157236596914e-13
C20:4 CE,CE 20:4,0.7709174867647106,1.4207392159622618e-14,3.2406384973615396e-13
taurine,Taurine,0.7647531994848384,1.9001137478059634e-14,4.137065841813893e-13
C24:1 Ceramide (d18:1),Cer 18:1;O2/24:1,0.8499853863345964,1.2517342063396853e-13,2.6068725427683012e-12
C34:1 PC plasmalogen,PC P-34:0 or PC O-34:1,0.5885990574108315,4.289988669750377e-13,8.562102386710128e-12
C18:0 LPC,LPC 18:0,0.6991197200710045,1.105212925899777e-12,2.1175879660239726e-11
C34:0 PC,PC 34:0,0.8536604645791002,1.5067832988560107e-12,2.7759584621231887e-11
C24:0 SM,SM 18:1;O2/24:0,0.7788366721003657,1.830949969719648e-12,3.248240872206339e-11
eicosapentaenoate,Eicosapentaenoic acid,0.6425570515305028,2.165623539636936e-12,3.7047631267360445e-11
C18:1 carnitine,CAR 18:1,0.7928684177178658,5.403310844428616e-12,8.924778946487265e-11
C18:0 LPE-A,LPE 18:0,0.6776155931141908,6.3395525401234775e-12,1.0122152222397152e-10
suberate,Suberic acid,-0.6324246137758148,7.248957034203759e-12,1.1200807804463229e-10
C20:5 CE,CE 20:5,0.6833127283558746,8.905307036911941e-12,1.3330131470877564e-10
hydrocinnamate,Hydrocinnamic acid,-0.6729020381927502,1.1434823096101926e-11,1.659781897888734e-10
C36:1 PC,PC 36:1,0.651757696450424,1.6854215886736895e-11,2.3744615911020507e-10
hydroxycotinine,trans-3-Hydroxycotinine,-0.6224243399218199,3.40165583293302e-11,4.655408982785476e-10
C18:2 carnitine,CAR 18:2,0.7183007419008856,3.7017051224862706e-11,4.925324315752566e-10
C16:1 LPC plasmalogen,LPC P-16:1 or LPC O-16:2,0.6511195727485373,9.761434603122793e-11,1.2637100472691401e-09
N1-methyl-2-pyridone-5-carboxamide,N1-Methyl-2-pyridone-5-carboxamide,0.6856750149569943,1.6242310323565167e-10,2.047385959207293e-09
C14 carnitine,CAR 14:0,0.6631927939768967,1.7422308218425614e-10,2.139816829904069e-09
C18:3 CE,CE 18:3,0.6596321893338193,2.2539025865593959e-10,2.6990483474048767e-09
N-acetylglutamate,N-Acetylglutamic acid,-0.5948532015295708,4.2311993668169045e-10,4.9432792602568225e-09
oxymetazoline,Oxymetazoline,-0.5780397999848417,6.124793590990552e-10,6.985181262105891e-09
C16 carnitine,CAR 16:0,0.6277451769939117,7.60408290746277e-10,8.47059468063876e-09
C38:5 DAG [M+NH4]+,DG 38:5,0.5957432047958274,1.3334961329953342e-09,1.4516923811471934e-08
C38:5 DAG,DG 38:5,0.5791007589912791,1.4735301860500438e-09,1.568491020262158e-08
hexadecanedioate,Hexadecanedioic acid,-0.5279119680799965,1.547006357527408e-09,1.610904446207888e-08
salicylate,Salicylic acid,0.5402825264454002,1.7589554235336682e-09,1.7926375486651638e-08
C20:1 LPC,LPC 20:1,0.605337545558641,2.091291800546898e-09,2.0034575449239287e-08
C34:1 PC,PC 34:1,0.5569455566255878,2.0335206005327535e-09,2.0034575449239287e-08
eicosanedioate,Eicosanedioic acid,-0.6170237373728484,2.0758077724324965e-09,2.0034575449239287e-08
biotin,Biotin,-0.44419182324649237,2.177381029301597e-09,2.045030417716598e-08
p-hydroxyphenylacetate,4-Hydroxyphenylacetic acid,0.5593235879983078,2.9349323592698697e-09,2.703524230942822e-08
4-hydroxybenzeneacetonitrile,4-Hydroxybenzeneacetonitrile,-0.531086979994954,3.0359649365833e-09,2.7438249143837746e-08
C14:1 carnitine,CAR 14:1,0.5880781183865353,3.416800723696828e-09,3.0308287900940385e-08
N1_N12-diacetylspermine,"N1,N12-Diacetylspermine",0.6104249583206451,3.630238916780297e-09,3.161608074795931e-08
C2 carnitine,CAR 2:0,0.566402922389597,3.790963805120134e-09,3.2426279690224e-08
C36:2 PC,PC 36:2,0.5462254245789635,3.910771135122323e-09,3.28641995390104e-08
C24:0 Ceramide (d18:1),Cer 18:1;O2/24:0,0.6673342465728596,6.47748271700224e-09,5.34950727835185e-08
7-methylguanine,7-Methylguanine,0.6610422619434736,6.771964018707958e-09,5.497916550781546e-08
C18:1 CE [M+NH4]+,CE 18:1,0.5908771658731843,9.52665171421341e-09,7.605443618513706e-08
caproate,Caproic acid,-0.585037883907719,1.0239364194226988e-08,8.040418768909389e-08
C16:1 SM,SM 18:1;O2/16:1,0.536533898159661,1.2213987903043213e-08,9.436290654125322e-08
cholate,Cholic acid,0.5152560378424309,1.559510545494579e-08,1.1857230972887354e-07
guanine,Guanine,-0.6044586513029329,1.662158827967342e-08,1.2440219978068077e-07
C22:0 SM,SM 18:1;O2/22:0,0.6179559791518449,2.3679966176615694e-08,1.7450313536306026e-07
C18:0 LPE,LPE 18:0,0.49883902239245875,2.4633705089667658e-08,1.7878098087804253e-07
C36:1 PC plasmalogen,PC P-36:1 or PC O-36:2,0.532032709947473,3.2896821985986584e-08,2.3518772733265037e-07
lithocholate,Lithocholic acid,-0.3999197262438033,3.46857093877257e-08,2.4078919995247265e-07
C34:3 PC,PC 34:3,0.5381200129877418,3.425319049035972e-08,2.4078919995247265e-07
alpha-muricholate,alpha-Muricholic acid,0.5206936259370569,3.9271306762455887e-08,2.687279419888053e-07
diacetylspermine,"N1,N12-Diacetylspermine",0.5915574510087126,4.0648307965931845e-08,2.704241599400188e-07
uridine,Uridine,0.5828343192094076,4.055757285693482e-08,2.704241599400188e-07
glycerate,Glyceric acid,-0.5226410546739324,4.570457258492377e-08,2.9989712696134913e-07
adipate,Adipic acid,-0.4879470740613853,4.7105875759739904e-08,3.0491506066101915e-07
C16:0 LPC,LPC 16:0,0.5550666005111669,5.127923035218339e-08,3.275033511826112e-07
C18:3 CE [M+NH4]+,CE 18:3,0.5520441616005671,7.421556935488323e-08,4.677533910656456e-07
C18 carnitine,CAR 18:0,0.6565879629639925,1.0962393967798087e-07,6.819463260487382e-07
betaine,Betaine,0.47290198382008003,1.455134387558743e-07,8.936017585136383e-07
tauro-alpha-muricholate/tauro-beta-muricholate,Tauromuricholic acid,0.5158928054437046,1.689737230965576e-07,1.0245368780158366e-06
choline,Choline,0.5616176698882418,1.7804372446782139e-07,1.0660368002510806e-06
C18:1 CE,CE 18:1,0.4974329643803511,2.2596716721882312e-07,1.3362749765162504e-06
tetradecanedioate,Tetradecanedioic acid,-0.5266188355921864,2.376593744794028e-07,1.3552242901861183e-06
alpha-glycerophosphocholine,sn-Glycero-3-phosphocholine,0.5240805524223937,2.3671068086809832e-07,1.3552242901861183e-06
C16:0 Ceramide (d18:1),Cer 18:1;O2/16:0,0.5448819422736636,2.3567699026974152e-07,1.3552242901861183e-06
tartarate,Tartaric acid,0.5017127460122481,2.408991185657925e-07,1.357537385800172e-06
valine,Valine,0.46050906036520456,2.739781837754641e-07,1.525994767772643e-06
creatine,Creatine,0.4693682347173699,3.969218726124827e-07,2.185351459556083e-06
indole-3-propionate,3-Indolepropionic acid,-0.4487467617837706,4.6115005587456756e-07,2.510123599589976e-06
C22:0 Ceramide (d18:1),Cer 18:1;O2/22:0,0.6001567987037353,4.715883136869215e-07,2.5380989017532067e-06
N1-acetylspermine,N1-Acetylspermine,0.47210472186513813,5.18653540998131e-07,2.760389401534497e-06
sebacate,Sebacic acid,-0.4768584849366985,5.339537746072929e-07,2.8105918465592667e-06
C18:0 SM,SM 18:1;O2/18:0,0.47929902640282124,5.905144437741461e-07,3.0745262887806086e-06
C36:2 PC plasmalogen,PC P-36:2 or PC O-36:3,0.4745612983672741,6.952290253886165e-07,3.5808032597972826e-06
C22:1 MAG,MG 22:1,-0.43392392058770485,8.096231442144038e-07,4.125632830624461e-06
serine,Serine,-0.4490753015568202,1.0740579845055737e-06,5.415513416612314e-06
4-hydroxy-3-methylacetophenone,4-Hydroxy-3-methylacetophenone,0.4550827740598113,1.2108176610441128e-06,6.041475621251354e-06
cholesterol,Cholesterol,0.551126067032763,1.2661204004209202e-06,6.2522852763053696e-06
C22:1 SM,SM 18:1;O2/22:1,0.4500680482891227,1.5548019608531666e-06,7.599491216823131e-06
C16:1 LPC,LPC 16:1,0.45130666609836584,1.5956249793988287e-06,7.720246112444837e-06
riboflavin,Riboflavin,-0.3683106432180721,1.6586332328616995e-06,7.94485318540754e-06
nervonic acid,Nervonic acid,0.47117062273323135,1.7018375353197946e-06,8.07109088532853e-06
C38:4 DAG [M+NH4]+,DG 38:4,0.4419677794496646,1.7455294924103442e-06,8.117559484121892e-06
C20:0 SM,SM 18:1;O2/20:0,0.49836894331076675,1.734315406892704e-06,8.117559484121892e-06
C36:3 PC,PC 36:3,0.4429229956419741,1.8879920711791495e-06,8.695655789373198e-06
C22:6 CE,CE 22:6,0.4781574076559052,1.986184340540569e-06,9.06078380113269e-06
azelate,Azelaic acid,-0.5379801550611769,2.0150018053211295e-06,9.105527025932275e-06
C22:4 CE [M+NH4]+,CE 22:4,0.4578819907144781,2.2729832655056184e-06,1.0175317609132628e-05
histidine,Histidine,0.44443993479730026,2.386972252914276e-06,1.0586663973573502e-05
4-methylcatechol,4-Methylcatechol,-0.45027645026288177,2.919870476887864e-06,1.2831357416782448e-05
C18:0 MAG,MG 18:0,0.4711812473315039,3.150735304622009e-06,1.3720020099217657e-05
porphobilinogen,Porphobilinogen,-0.37044035552484467,3.186941519893584e-06,1.3752657549811052e-05
4-nitrophenol,4-Nitrophenol,0.46551266416346304,3.42603121714512e-06,1.4652401366183148e-05
C20:3 LPC,LPC 20:3,0.45296146348741273,3.6204540877943626e-06,1.5086007403079325e-05
17-methylstearate,Xi-17-Methyloctadecanoic acid,0.4547784657320596,3.6163575113385615e-06,1.5086007403079325e-05
beta-sitosterol,Sitosterol,0.5050109437411087,3.621901568588982e-06,1.5086007403079325e-05
glycolithocholate,Glycolithocholic acid,-0.4172760260678025,3.7394306222983755e-06,1.5441269552421738e-05
acetaminophen,Acetaminophen,0.3805383250380462,4.8649199919504565e-06,1.9917065608070672e-05
phytosphingosine,Phytosphingosine,0.5062626696897674,5.1981494171670165e-06,2.11009624646017e-05
deoxycholate,Deoxycholic acid,-0.324944027749166,5.408273077210076e-06,2.1769435327593497e-05
C22:6 CE [M+NH4]+,CE 22:6,0.4395555024531641,7.076130447118906e-06,2.8245554034749635e-05
ADMA/SDMA,Dimethylarginine/symmetric dimethylarginine,0.4773545146761503,7.438367684269452e-06,2.944610017161213e-05
C16:1 CE [M+NH4]+,CE 16:1,0.4186035476285089,7.873875432727561e-06,3.0811061001345794e-05
C22:4 CE,CE 22:4,0.43353823758975585,7.976141052540456e-06,3.0811061001345794e-05
C18:1 LPE,LPE 18:1,0.42614068651560266,7.919598688394223e-06,3.0811061001345794e-05
norepinephrine,Norepinephrine,-0.3426948734252241,1.2578088681781428e-05,4.8199235828586426e-05
3-methylhistidine,3-Methylhistidine,0.4706505294434969,1.3131645470809026e-05,4.9921096670774e-05
pyridoxine,Pyridoxine,0.4222275405919891,1.5342662629123873e-05,5.786720786890028e-05
theophylline,Theophylline,-0.4081723418115809,1.6769100371229775e-05,6.275311779546143e-05
atenolol,Atenolol,0.38730588810762534,1.8976610541874208e-05,7.046353836866469e-05
C16:1 MAG [M+NH4]+,MG 16:1,-0.3795506315082327,2.022494136538612e-05,7.452113010784578e-05
histamine,Histamine,0.5040516861450081,2.1420114343514832e-05,7.832240282857714e-05
C2 Ceramide (d18:1),Cer 18:1;O2/2:0,-0.4167741665484484,2.1760667026914095e-05,7.896484474160494e-05
2-aminobutyrate,2-Aminobutyric acid,0.36860838835734144,2.3047618335905388e-05,8.300608408194496e-05
citrate,Citric acid,0.4333802929331481,2.3645771643693263e-05,8.452481057708263e-05
C22:5 CE,CE 22:5,0.4168672117013822,2.507754135106778e-05,8.897883190489975e-05
C10:2 carnitine,CAR 10:2,0.39765103640801935,2.5298599944593764e-05,8.910315715779716e-05
acetyl-galactosamine,N-Acetylgalactosamine,-0.355987461372823,2.5822016891917384e-05,9.028281818414911e-05
N6_N6-dimethyllysine,"N(6),N(6)-Dimethyl-lysine",0.4535844618044064,2.677285104166114e-05,9.292895397793976e-05
C48:3 TAG,TG 48:3,0.43719798561476353,2.740445933999315e-05,9.443694981191883e-05
5-hydroxytryptophan,5-Hydroxy-tryptophan,0.38427178193288725,2.8761324985681786e-05,9.84048190581541e-05
taurocholate,Taurocholic acid,0.37669216194929067,2.9480445462021087e-05,0.0001001498821014759
C20:4 carnitine,CAR 20:4,-0.31368146573044964,3.260520864314445e-05,0.00010921604853193142
creatinine,Creatinine,0.4074572573866505,3.252345187157554e-05,0.00010921604853193142
malonate,Malonic acid,0.42549730828008997,3.4990561162506534e-05,0.00011639221386694883
C18:1 LPC,LPC 18:1,0.4237838258849959,3.929892264508371e-05,0.00012893276676024037
cinnamoylglycine,Cinnamoylglycine,-0.4830548522567488,3.920878402723665e-05,0.00012893276676024037
butyrobetaine,3-Dehydroxycarnitine,0.4135775019629391,4.3768510437792184e-05,0.00014261984013403032
imidazole propionate,Imidazole propanoate,0.3872524215316992,4.479529365798561e-05,0.00014497936258226426
adenosine,Adenosine,0.477935821509344,5.591358936956554e-05,0.00017974905575853618
C18:0 MAG [M+NH4]+,MG 18:0,0.3792933310655264,5.755741899257171e-05,0.00018276047674337944
orotate,Orotic acid,-0.3682882410732568,5.761342795041815e-05,0.00018276047674337944
C20:4 LPC,LPC 20:4,0.37452810687482213,6.470321628529167e-05,0.00020390026710957046
C56:6 TAG [M+NH4]+,TG 56:6,0.3897142951183523,6.979599662343828e-05,0.00021851164955965317
C20:5 CE [M+NH4]+,CE 20:5,0.4085771802655383,7.635876940576732e-05,0.00023750552302183471
C34:1 DAG [M+NH4]+,DG 34:1,0.407293737599085,7.81418828305758e-05,0.0002414836250054568
N6-acetyllysine,N6-Acetyllysine,-0.4068765323469272,7.976203115548196e-05,0.0002449103392530504
N-acetylhistamine,N-Acetylhistamine,0.465993571743635,8.862265327303161e-05,0.00027038376380752956
hydroxymyristate,Hydroxytetradecanoic acid,-0.370600393341308,9.449537644042977e-05,0.000286476489335227
chenodeoxycholate,Chenodeoxycholic acid,0.34157607290879977,9.519930726312425e-05,0.0002867953973524309
lactate,Lactic acid,0.2791526848555714,0.00011050490052831857,0.0003308240459566537
erythronate,Erythronic acid,0.37162129225417806,0.00011504401567355736,0.00034227381060642224
1-methylhistamine,1-Methylhistamine,0.4006782838356025,0.00012041291543783811,0.00035603571910323734
thymine,Thymine,-0.4248343554465795,0.00013252633452188553,0.0003894485535949888
urate,Uric acid,-0.3813121358642183,0.0001594245731243936,0.0004656364056499057
trigonelline,Trigonelline,0.40515421571570454,0.00016809487105240363,0.000487984504449099
C20:3 CE [M+NH4]+,CE 20:3,0.41060331265528804,0.00017352899521713656,0.0005007252331867977
eicosenoate,Eicosenoic acid,0.39259748796451155,0.00018488686898989154,0.0005303042529710063
palmitoylethanolamide,Palmitoyl-EA,0.3702465774847033,0.00018653119397932594,0.0005318359637862923
C34:0 DAG,DG 34:0,0.34210798272020093,0.0002126599906139159,0.0006027463639293829
C51:2 TAG [M+NH4]+,TG 51:2,0.3250805888934403,0.00024126447329166667,0.0006797981335688726
1-methylnicotinamide,1-Methyl nicotinamide,0.4050985652880812,0.0002662644002640737,0.0007458517410905924
3-methylxanthine,3-Methylxanthine,0.48318877851116127,0.0002725606630820069,0.0007503250437717317
C22:0 LPE,LPE 22:0,0.3518132614209978,0.00027198969355333227,0.0007503250437717317
saccharin,Saccharin,0.34798663856674517,0.00027080678706077984,0.0007503250437717317
sphingosine-isomer3,Sphingosine,0.37712291059211506,0.00028508924199740414,0.0007803299823814662
C34:3 DAG [M+NH4]+,DG 34:3,0.38258432620679433,0.0003009876386903377,0.0008191652212083623
palmitate,Palmitic acid,0.33604841165566535,0.0003248929784140476,0.0008792301506233266
C32:1 PC,PC 32:1,0.30945096599512156,0.0003482625803854009,0.0009371785168798147
S-methylcysteine-S-oxide,S-Methylcysteine S-oxide,0.4144279553625031,0.0003557485139996551,0.0009519750737756133
taurochenodeoxycholate,Taurochenodeoxycholic acid,0.32836626200172925,0.00036474852868881297,0.0009706363624552301
C34:3 DAG,DG 34:3,0.3820153908755487,0.0003826465341618853,0.0010126391705168125
metformin,Metformin,0.3287254953915224,0.0003865526411208282,0.0010173555774553665
C22:5 CE [M+NH4]+,CE 22:5,0.34183694310218476,0.00039140059315621124,0.001024485705583744
C48:1 TAG [M+NH4]+,TG 48:1,0.30746006940752746,0.0004043618653035203,0.0010526594210890556
7-methylxanthine,7-Methylxanthine,0.44222014992707204,0.00043157744918901275,0.0011174356657380384
glutamate,Glutamic acid,-0.38593891360736826,0.0004532651763750283,0.001167279674643218
C48:1 TAG,TG 48:1,0.37503727202080656,0.0004604005127741262,0.0011793146824535105
C49:1 TAG [M+NH4]+,TG 49:1,0.3171161038857677,0.0005033902354828,0.0012825740574269212
palmitoleate,Palmitoleic acid,0.32427739692064034,0.0005187018605099259,0.0013145936041494947
agmatine,Agmatine,0.3952854983213949,0.0005533872505427056,0.0013951183842629263
C34:2 PC,PC 34:2,0.3076416489455939,0.0005595540542385626,0.0014032795391637253
sphingosine-isomer2,Sphingosine,0.3454481801608393,0.0005976998731861322,0.001491136662792486
C56:7 TAG,TG 56:7,0.2841181121590558,0.0006203132154501984,0.0015395338352365028
C48:2 TAG,TG 48:2,0.36015002386558714,0.0006537355128286203,0.0016058426186918416
cortisol,Cortisol,-0.2557243659847071,0.0006507380932649975,0.0016058426186918416
N-carbamoyl-beta-alanine,Ureidopropionic acid,0.28818149632122625,0.0007019896292353341,0.0017155766959373725
C36:0 DAG,DG 36:0,0.33036123239005893,0.0007977312644380664,0.0019396612977961108
glycochenodeoxycholate,Glycochenodeoxycholic acid,0.3024712711154983,0.0008044952421412865,0.0019462283888165466
N6_N6_N6-trimethyllysine,N-6-Trimethyllysine,0.3409589147365255,0.0008716575397914566,0.0020981103595985313
sphingosine-isomer1,Sphingosine,0.3484142045784415,0.0008801203004193694,0.0021078881195043895
C53:2 TAG [M+NH4]+,TG 53:2,0.29847306884969266,0.0008903258354045184,0.0021181254872082297
C46:1 TAG,TG 46:1,0.3467620145631635,0.0008932387232068109,0.0021181254872082297
C36:1 DAG,DG 36:1,0.3390654400771343,0.0009118344857266448,0.0021515700426751865
caprylate,Caprylic acid,-0.34737905087820486,0.0009694537714717172,0.002276315473210552
C3 carnitine,CAR 3:0,0.3578465412187355,0.0009792880795489768,0.0022881901956290727
undecanedionate,Undecanedioic acid,-0.3431019016784417,0.001087555997480003,0.002528831664043308
C51:0 TAG [M+NH4]+,TG 51:0,0.30373659909597356,0.0011362869035546977,0.0026293788734429962
13-docosenoate,cis-Erucic acid,0.3338922992695196,0.0011453573390652505,0.0026376257952512258
C36:4 PC plasmalogen,PC P-36:4 or PC O-36:5,0.307978491031197,0.0011619060506000102,0.0026629330059205975
C16:0 CE,CE 16:0,0.3191975596115059,0.001195170675357497,0.0027173132128878114
alanylalanine,Ala-Ala,0.3683385869354513,0.0011969793067209357,0.0027173132128878114
C36:2 DAG [M+NH4]+,DG 36:2,0.32519016296163183,0.001395350382389813,0.0031527020432298132
xanthine,Xanthine,-0.31355460847750244,0.0016269645280793314,0.00365876060539906
C20:3 CE,CE 20:3,0.3347460445822099,0.0016429196509953105,0.003677376228162401
C32:0 DAG,DG 32:0,0.28614723877514014,0.0017201871439205105,0.0038324169392461604
C50:3 TAG,TG 50:3,0.3345854612120602,0.0017796806236036204,0.003946606568083954
dodecanedioate,Dodecanedioic acid,-0.32865566594165735,0.0017909227603037459,0.003953235033112877
C51:1 TAG [M+NH4]+,TG 51:1,0.26818612025296024,0.0018021477206093105,0.003959764945742476
C44:1 TAG [M+NH4]+,TG 44:1,0.3163047624297617,0.0018399426678986563,0.00400756328003434
lactose,Lactose,0.30469999974420237,0.0018406344918738095,0.00400756328003434
C20:0 LPE,LPE 20:0,0.30642221783773554,0.0018536962117988625,0.004015910834438593
C51:1 TAG,TG 51:1,0.3038339205315489,0.0018612363366291601,0.004015910834438593
C18:0 CE,CE 18:0,-0.28337110741023375,0.001881885521923253,0.0040422563452970324
methylimidazole acetic acid,Methylimidazoleacetic acid,-0.3022354230978478,0.0019097545917977471,0.004065655330982759
C18:3 LPC,LPC 18:3,0.3188473774372051,0.0019069798127134623,0.004065655330982759
ornithine,Ornithine,0.3208318600522112,0.0019642549724788174,0.004163177574413069
malate,Malic acid,0.2991421031260093,0.0020001480127379684,0.004202065342550381
C44:2 TAG [M+NH4]+,TG 44:2,0.309742891669546,0.0019968918020304323,0.004202065342550381
C22:6 LPE,LPE 22:6,-0.29048918754251096,0.0021200965077211764,0.004434612345844731
shikimate,Shikimic acid,-0.3019051880129604,0.00214267957002451,0.004453964093652465
C36:5 PC plasmalogen,PC P-36:4 or PC O-36:5,0.2848562573239624,0.0021572435693682085,0.004453964093652465
C14:0 LPC,LPC 14:0,0.2981083980261985,0.0021562897146814764,0.004453964093652465
trimethylamine-N-oxide,Trimethylamine N-oxide,0.3593132300718715,0.0022206144979039642,0.004565125942042914
glycocholate,Glycocholic acid,0.2761825735539659,0.0022779779845382726,0.004663040404247148
C34:1 DAG,DG 34:1,0.30543696474637977,0.0022971278284409035,0.004676772121361138
N-acetylornithine,N-Acetylornithine,0.3066501700142037,0.0023042134042614375,0.004676772121361138
C34:2 DAG [M+NH4]+,DG 34:2,0.31359543592030825,0.0023937072192660902,0.0048379145908373725
stearate,Stearic acid,0.30582115853419656,0.0025677452264134953,0.005167856989294387
N1-acetylspermidine,N1-Acetylspermidine,0.3302484682450106,0.0026061055330392417,0.0052231152733296935
C16:0 CE [M+NH4]+,CE 16:0,0.3093416081864242,0.0028083318259189355,0.005604962269229875
anserine,Anserine,0.28509166365862837,0.0029175363987524626,0.00579875491702253
alpha-ketoglutarate,2-Oxoglutaric acid,-0.25704094532389243,0.0031322727372796993,0.006199829095689984
C50:4 TAG,TG 50:4,0.30033998808361884,0.00340033011086881,0.006702708325539752
pantothenate,Pantothenic acid,-0.314139694926742,0.0035253432119061083,0.006920653272553384
C38:2 PC,PC 38:2,0.30067524332543505,0.003559372432156372,0.006958936306134295
phenylacetate,Phenyl acetate,-0.23817427072848257,0.0035812940432544222,0.006973332710239302
C18:2 LPE,LPE 18:2,0.3310231060971055,0.003635364917939479,0.007049958687016237
C16:1 CE,CE 16:1,0.266303120963236,0.003663344193353781,0.007075572050872828
2-deoxyadenosine,Deoxyadenosine,-0.2994590258319702,0.0037155060216926767,0.007147499535705993
2-hydroxy-3-methylbutyrate,2-Hydroxy-3-methylbutyric acid,0.2760738995626087,0.003758247020218041,0.007200801290737766
fumarate/maleate,Fumaric acid,0.29198321791106374,0.0037907682433936146,0.00723417525332885
phenylalanine,Phenylalanine,0.2600337807049713,0.004950293520461939,0.009409486493259003
sphingosine,Sphingosine,0.27523524790965676,0.005552473349899831,0.010512390255343949
cadaverine,Cadaverine,0.2633977818732971,0.005671312253574445,0.010695112478197478
C34:2 DAG,DG 34:2,0.28470022419449537,0.005714995702075583,0.010735227220761586
C54:5 TAG [M+NH4]+,TG 54:5,0.2585248755440189,0.005775201616539486,0.01080594364969693
gentisate,Gentisic acid,0.29364655810487916,0.005991042769251947,0.011166184772263357
beta-guanidinopropionic acid,3-Guanidinopropanoic acid,0.28917875491813544,0.006016189785453976,0.011169592663691684
2-hydroxyhexadecanoate,2-Hydroxypalmitic acid,-0.2556536037203592,0.006043912303365823,0.011177737425915943
C36:3 DAG [M+NH4]+,DG 36:3,0.27506208007896504,0.006116259994362618,0.011268032835768054
carnosol,Carnosol,-0.2502937409688491,0.006609403067451091,0.012129900648693766
C36:0 DAG [M+NH4]+,DG 36:0,0.2596112270811406,0.007082305713854093,0.012948184873801949
C50:3 TAG [M+NH4]+,TG 50:3,0.25732136372628805,0.007529551769711085,0.01371351824217342
C32:1 DAG,DG 32:1,0.2589762698376745,0.007690563498418595,0.013953711802054949
C42:0 TAG [M+NH4]+,TG 42:0,0.27074644289163297,0.00780534750275214,0.014108533787993491
C36:2 DAG,DG 36:2,0.26758148784875413,0.00790781980756465,0.01424002138279499
oxalate,Oxalic acid,0.24581607530184374,0.008107928985998386,0.014545685334431561
C16:0 LPE,LPE 16:0,0.27672558817728765,0.008270217386473218,0.014781470627315938
C56:4 TAG,TG 56:4,0.25461151297971324,0.008389886840917357,0.014939612627507117
C54:4 TAG [M+NH4]+,TG 54:4,0.24136594347438123,0.008937725887561272,0.015856187778303145
histidinol,L-Histidinol,0.24496678051857484,0.009446069426379041,0.016696189133710557
C54:1 TAG,TG 54:1,0.25867093017088416,0.009744982202213478,0.017161200275221528
C18:1 SM,SM 18:1;O2/18:1,0.24929128191114425,0.010210347449342839,0.01791485871148432
C36:3 DAG,DG 36:3,0.25990295745931435,0.01077040013079007,0.018828546214045415
C18:0 CE [M+NH4]+,CE 18:0,-0.2374312290864979,0.01091231141608945,0.019007262430206718
citrulline,Citrulline,-0.25342672040749303,0.011364237893871903,0.019722717214364645
C48:0 TAG [M+NH4]+,TG 48:0,0.21903737123081593,0.011707081418480689,0.0202443754492861
C51:3 TAG [M+NH4]+,TG 51:3,0.22896487038366392,0.012823570757054651,0.022095289182119345
C56:3 TAG,TG 56:3,0.23717554132892923,0.013549864712214013,0.023263029380467787
C46:0 TAG [M+NH4]+,TG 46:0,0.21977028357544157,0.014067347061091976,0.024065211579510918
5-aminolevulinic acid,5-Amino-levulinic acid,0.224886470891151,0.01486700049899314,0.02534268056589934
C3-DC-CH3 carnitine,CAR 3:0;2Me,0.23510721087989664,0.014940340725071336,0.0253773872599616
C52:4 TAG [M+NH4]+,TG 52:4,0.23418802945355796,0.01561218752839479,0.026424868643466798
C32:1 DAG [M+NH4]+,DG 32:1,0.23303847571312006,0.01585953758550471,0.026749008814988578
C54:2 TAG [M+NH4]+,TG 54:2,0.2233083507943725,0.016007674528531114,0.026904126663741767
glycodeoxycholate,Glycodeoxycholic acid,-0.20921316657757827,0.017365256216550756,0.029083768278768574
C36:4 DAG,DG 36:4,0.24179437672895582,0.017876268160751076,0.029835304700347617
alpha-linolenate,alpha-Linolenic acid,0.23236052932142826,0.01797317252840968,0.02989288069829249
C48:2 TAG [M+NH4]+,TG 48:2,0.2231542063493207,0.018039745244785788,0.029899785371115546
spermidine,Spermidine,0.2574962660371834,0.019165184868125292,0.031655598454593155
carnosol_isomer,Carnosol,-0.23325473086998832,0.02067919342917537,0.03403894725970791
C50:2 TAG,TG 50:2,0.23051644396232696,0.02085692345593476,0.03421392580613956
C50:2 TAG [M+NH4]+,TG 50:2,0.22175957037875943,0.021363988434009933,0.034926110784610095
C52:2 TAG [M+NH4]+,TG 52:2,0.22006427310956422,0.021724011935012274,0.03539388339071728
C34:2 PC plasmalogen,PC P-34:2 or PC O-34:3,0.2225136293425896,0.023160578908917814,0.03747945032895822
C56:2 TAG,TG 56:2,0.2139634972381249,0.02308636157417745,0.03747945032895822
imidazoleacetic acid,Imidazoleacetic acid,0.25679986927076304,0.023621971426673057,0.038097388260526575
3-hydroxydecanoate,3-Hydroxydecanoic acid,0.21535421251985826,0.024156417899211788,0.03882860460980687
gabapentin,Gabapentin,0.18757218990227534,0.025006263696300497,0.0397940209652091
C52:3 TAG [M+NH4]+,TG 52:3,0.21561560227716664,0.024990397666901355,0.0397940209652091
C53:3 TAG [M+NH4]+,TG 53:3,0.19978519621669255,0.02491791406649477,0.0397940209652091
sorbitol,Sorbitol,0.22838601084521587,0.025726504880857044,0.0408046219799024
13-cis-retinoic acid,13-cis-Retinoic acid,-0.2091929664073094,0.025908503201871578,0.04095766677787619
C46:2 TAG,TG 46:2,0.21806145179557515,0.026367556152904224,0.041546248017240536
C52:5 TAG [M+NH4]+,TG 52:5,0.21029001917281281,0.026996709993951044,0.042398111760991966
butyrate,Butyric acid,-0.18679021028815354,0.027253858628968067,0.04266208589305786
C42:0 TAG,TG 42:0,0.23494574961567985,0.027717641667371024,0.043246743839318307
C55:3 TAG,TG 55:3,0.21967456054750242,0.028812518002728136,0.0448090783224246
C54:6 TAG [M+NH4]+,TG 54:6,0.2064984024998348,0.02954877849073177,0.04565762870019521
diaminopimelate,"2,6-Diaminopimelic acid",-0.22081627255233874,0.029517534442505457,0.04565762870019521
C46:3 TAG,TG 46:3,0.1988183366729155,0.02966904026146517,0.045696045933253424
C36:4 DAG [M+NH4]+,DG 36:4,0.21408907063984725,0.029974837901608473,0.04594795009516713
5-acetylamino-6-amino-3-methyluracil,5-Acetylamino-6-amino-3-methyluracil,-0.21899375744315674,0.030024443381601904,0.04594795009516713
4-guanidinobutanoic acid,4-Guanidinobutanoic acid,0.208411987782902,0.03086443294827759,0.047083004401990335
indoleacetate,Indoleacetic acid,-0.18918328855381303,0.03157921326436691,0.04802045445597382
C56:6 TAG,TG 56:6,0.19921953223302535,0.031710873468978704,0.04806806453050886
C53:3 TAG,TG 53:3,0.20299742605826124,0.03264959841231163,0.049334882143524515
homovanillate,Homovanillic acid,-0.1736198423755978,0.03327714215898596,0.05012500344073671
C54:3 TAG [M+NH4]+,TG 54:3,0.19924821592971667,0.0339978366145283,0.051050043066956284
hydroxyproline,Hydroxyproline,0.19577921789805725,0.034694551574062,0.051771620573133025
propionate,Propionic acid,-0.20186673989326748,0.03462620281230814,0.051771620573133025
C18:2 LPC,LPC 18:2,0.23067561705637138,0.03500190499969634,0.05206805122625636
C32:0 PE,PE 32:0,0.2161176823615922,0.0355524744861505,0.05272332903673712
linoleoyl ethanolamide,Linoleoyl-EA,0.20412913291231277,0.035742255562261155,0.052841174118281146
aspartate,Aspartic acid,-0.22070774328844792,0.03686668381157713,0.05433582014075521
C50:1 TAG [M+NH4]+,TG 50:1,0.18297413910130592,0.037861787854405644,0.05563127724619725
C32:2 DAG [M+NH4]+,DG 32:2,0.20405485929789502,0.03929530919555042,0.05756101866871147
C52:0 TAG,TG 52:0,0.19171726011914755,0.04052568708821106,0.05918232961967408
C52:2 TAG,TG 52:2,0.20286107203257842,0.040950476125217884,0.05962090596954215
ribothymidine,Ribothymidine,0.20590539469909572,0.04172123026979749,0.06055899787646362
C16:1 MAG,MG 16:1,-0.20234271260717707,0.04314158116901892,0.06243147244700925
nonadecanoate,Nonadecylic acid,0.20076629847167649,0.04412946878655562,0.06366872153241006
C55:2 TAG,TG 55:2,0.18461165490927417,0.049366419030278344,0.07101055470121119
heptadecanoate,Margaric acid,-0.18891536604803336,0.05225350396221209,0.07471471163552117
ascorbate,Vitamin C,-0.19280210762103495,0.05220561527060901,0.07471471163552117
2-aminoadipate,alpha-Aminoadipic acid,-0.19061887939236932,0.052819298405298934,0.07529894028612556
gemfibrozil,Gemfibrozil,0.1853212725185996,0.05437072600215181,0.07728064615736117
3^-O-methyladenosine,3'-O-Methyladenosine,-0.17969480302011182,0.05603352492596754,0.07940845692171139
C50:0 TAG,TG 50:0,0.16459141572369876,0.056213673235130796,0.07942875952692523
dimethylglycine,Dimethylglycine,0.2090791471065409,0.056830227746169124,0.08006376203063238
C50:4 TAG [M+NH4]+,TG 50:4,0.17516556532273458,0.05824146207614056,0.08181132062894818
C44:0 TAG [M+NH4]+,TG 44:0,0.18463231801348648,0.05923746104220975,0.08296708724917681
C54:3 TAG,TG 54:3,0.18606390552011073,0.05958745416760285,0.08321396660723547
C32:2 DAG,DG 32:2,0.17766460281620974,0.06005285573117649,0.0836201101605626
C20 carnitine,CAR 20:0,0.18798601266578513,0.06325431001105233,0.08782265071099729
myristoleate,Myristoleic acid,0.16681562490212065,0.06382438152530046,0.08835803107115295
N-acetylhistidine,N-Acetylhistidine,-0.15488751753589408,0.06432123631833198,0.08853411550712936
C52:3 TAG,TG 52:3,0.18389625785426428,0.06427007434714235,0.08853411550712936
C36:1 DAG [M+NH4]+,DG 36:1,0.1863247350339177,0.06849490760929408,0.09400877004255549
C20:5 LPC,LPC 20:5,0.19235884149872481,0.07139384593456083,0.09770757772187039
C36:4 PC-B,PC 36:4,0.1662956905484792,0.07827222117157591,0.10681593715437282
fucose,Fucose,0.1905562310862055,0.08059831703610658,0.1096778234667473
N-acetylglutamine,N-Acetylglutamine,-0.17148155312429916,0.08084263810592912,0.10969865057433442
C52:5 TAG,TG 52:5,0.16761892757949332,0.08185837293972059,0.11076316564442419
C52:1 TAG,TG 52:1,0.16190594364458966,0.0832412269167241,0.11231703575524182
imidazolelactate,Imidazolelactic acid,-0.15720865073112977,0.08642839716135207,0.11628989393339224
tryptophan,Tryptophan,0.15181434321080348,0.0931301045634149,0.12495607867192084
NMMA,Targinine,0.17599677838359673,0.096139492370794,0.12863356660785008
C48:0 TAG,TG 48:0,0.14806785636549313,0.09922695781524118,0.1323947431573831
biliverdin,Biliverdin,0.15613511149763826,0.10018522706185187,0.1333020104517418
C56:1 TAG,TG 56:1,0.15769441315873295,0.1011097320141553,0.13413627620645663
C54:4 TAG,TG 54:4,0.16154291308398752,0.10137230059861649,0.13413627620645663
C56:4 TAG [M+NH4]+,TG 56:4,0.15405483550315296,0.10292130114877042,0.13581075275554003
C16:1 LPE,LPE 16:1,0.17334326324683566,0.10328376833883707,0.13591462921511802
C54:2 TAG,TG 54:2,0.15509800869761217,0.10760199946363243,0.1412091992961094
corticosterone,Corticosterone,-0.16068309730641123,0.10859519656203222,0.14212322173009134
tyrosine,Tyrosine,0.14838582484071158,0.10892310247542858,0.14216394028809343
2^-O-methyladenosine,2'-O-Methyladenosine,-0.17967479285799734,0.11066271135936738,0.1440419531009157
C52:6 TAG,TG 52:6,0.15305897575343028,0.12121608905992817,0.15735096655746775
C50:1 TAG,TG 50:1,0.13655884546438993,0.12418349111369463,0.16076727633367494
metronidazole,Metronidazole,-0.12079324155437529,0.1251355712673569,0.16156317691930983
methionine sulfoxide,Methionine sulfoxide,-0.15496611413103895,0.12586645880939099,0.1620699832518771
fructose/glucose/galactose,Hexose,0.14301785847428283,0.12941623151611836,0.16619403457431822
C54:5 TAG,TG 54:5,0.14583834702171927,0.1314072379075154,0.16829964427192481
C52:1 TAG [M+NH4]+,TG 52:1,0.13623333740139726,0.13372829290224722,0.17081560613380378
homoarginine,Homoarginine,0.14784514454419823,0.13717077644534584,0.17474681360989536
10-heptadecenoate,10E-Heptadecenoic acid,0.14507158695023592,0.13894740301017058,0.1762025740070413
pentadecanoate,Pentadecylic acid,-0.14613621550906053,0.13904921289073408,0.1762025740070413
C52:6 TAG [M+NH4]+,TG 52:6,0.1403080493626802,0.14898353302325876,0.18730475674052743
taurodeoxycholate,Taurodeoxycholic acid,0.12994921550031507,0.14878912487547238,0.18730475674052743
C54:6 TAG,TG 54:6,0.1387089719683425,0.14834120854669636,0.18730475674052743
taurolithocholate,Taurolithocholic acid,0.12725573587620662,0.1498739866096507,0.18744031223504617
C34:4 PC plasmalogen,PC P-34:4 or PC O-34:5,0.1240841334545071,0.14949207464376058,0.18744031223504617
C46:0 TAG,TG 46:0,0.1261287864021925,0.1517207489953539,0.18886123783381167
2-hydroxy-3-methylpentanoate,2-Hydroxy-3-methyl-pentanoic acid,0.13217134996759045,0.15179869846767743,0.18886123783381167
acetylcholine,Acetylcholine,-0.13962398869387907,0.15494096860788917,0.1921353171013627
ectoine,Ectoine,0.13613454670080385,0.15523250045558948,0.1921353171013627
succinate,Succinic acid,0.12601728011693805,0.16142796286465402,0.19884438937385343
C30:0 PC,PC 30:0,0.11173126274531,0.16148323061884964,0.19884438937385343
C34:0 PE,PE 34:0,-0.14303203017891133,0.16247449999628452,0.19955201409800072
acetylalanine,N-Acetylalanine,0.14318454225489424,0.1642218267717769,0.20118223791222797
C36:4 PC-A,PC 36:4,0.12999343533536267,0.17741171591099159,0.21632260422261607
oleate,Oleic acid,0.1379209164449127,0.17748389031208375,0.21632260422261607
guanosine,Guanosine,-0.13611254055322572,0.18833301872061362,0.2289632384953653
C51:2 TAG,TG 51:2,0.12888783519186806,0.19144787885762213,0.23216084550076205
N-methylproline,N-Methyl-proline,-0.12747821738342757,0.20176136339004846,0.24404972995917476
C45:0 TAG,TG 45:0,0.12082640974010503,0.20289749135920543,0.24480578932256775
leucine,Leucine,0.12069818589390091,0.20457405082451421,0.24620846820337264
C44:1 TAG,TG 44:1,0.1248379129794111,0.2101181827750703,0.2522471417274654
C44:0 TAG,TG 44:0,0.12194727824571798,0.21152798838944367,0.2533047660963588
3-hydroxyoctanoate,3-Hydroxyoctanoic acid,0.12698565433447467,0.21775200732116,0.2601077593686675
alpha-glycerophosphate,sn-Glycero-3-phosphate,-0.11588143814149167,0.2238676036611717,0.2667477168002519
alpha-CEHC,alpha-CEHC,-0.11163903573114523,0.22619196088788102,0.2688485093431638
bilirubin,Bilirubin,0.11757193402548081,0.23294596542191778,0.2761908847452936
beta-alanine,beta-Alanine,0.10429522258877588,0.23645916972783854,0.2796640550608263
3-hydroxymethylglutarate,3-Hydroxymethylglutaric acid,0.0951792291297332,0.23868074764604436,0.281596251533141
adenine,Adenine,-0.1304314610761774,0.24092783129332246,0.28354897098157605
C52:4 TAG,TG 52:4,0.11202329612095362,0.2491518513332143,0.2925091587956119
1-methylguanosine,1-Methylguanosine,-0.11152629517276111,0.2502275935446782,0.29305383204865737
methionine,Methionine,-0.12368428535011133,0.26053032346021326,0.3043756705791272
carnitine,Carnitine,0.10085486458642673,0.286439131380437,0.3338305205139399
2-deoxycytidine,Deoxycytidine,-0.10986084413969371,0.28854811336562697,0.33547219976246434
uracil,Uracil,-0.11235708501566433,0.2961685786720564,0.3434981820433778
mandelate,Mandelic acid,0.10145315573452587,0.3076491043123074,0.35595149991689673
inosine,Inosine,0.10793769400731615,0.3143118493698585,0.3627840381883427
arachidate,Arachidic acid,0.10261054301931727,0.31972106560637936,0.36814036159965313
C44:2 TAG,TG 44:2,0.09231747900547752,0.3250419681054655,0.37336955089332846
pseudouridine,Pseudouridine,-0.10981693265377442,0.3292103505296044,0.37725300933894856
21-deoxycortisol,21-Deoxycortisol,-0.08512719360586417,0.33360979878610564,0.38138208500845966
C52:0 TAG [M+NH4]+,TG 52:0,0.08409603369926584,0.3628156829427493,0.4137826479275641
N-acetyalanine,N-Acetylalanine,0.08929485279964398,0.3659440420548793,0.4163591357346489
C51:3 TAG,TG 51:3,0.08659015465388165,0.3686652158058724,0.41846122836732913
alpha-ketoisovalerate,Ketoisovaleric acid,-0.08522741132433015,0.38099320732454994,0.43143202436988043
C50:0 TAG [M+NH4]+,TG 50:0,0.0727475967069194,0.38360488211097954,0.4333649493659415
C14:0 CE,CE 14:0,0.08388698055989394,0.3965110645425265,0.44689129391969457
proline,Proline,-0.07867826929692529,0.4017236133585347,0.45170331173412703
glycoursodeoxycholate,Glycoursodeoxycholic acid,0.07057589495150127,0.41842310093709695,0.4693786073744015
trimethylbenzene,Trimethylbenzene,0.0702179769075117,0.4315856752915696,0.48301294033799497
proline betaine,Proline betaine,0.08407875771805946,0.4360039321041036,0.486820241207146
C18:0 LPE-B,LPE 18:0,0.07324353496343285,0.4374376852469714,0.48728523542627744
linoleoylethanolamide,Linoleoyl-EA,0.07587080323244513,0.45184010261226487,0.5009986322946177
caprate,Capric acid,-0.08276685504327463,0.45143622087211926,0.5009986322946177
arginine,Arginine,-0.08126742803993867,0.4545614182423606,0.5028520077092165
N-alpha-acetylarginine,Pelargonidin,0.06785756232831248,0.45855942510701264,0.5061059092770946
3-methylglutaconate,3E-Methylglutaconic acid,-0.06118458435279045,0.4680134347823275,0.5153527247373215
lysine,Lysine,0.0702804430276008,0.49486905854374014,0.5436749519322283
C30:0 DAG,DG 30:0,0.05666480079058613,0.5065398916546833,0.5552233595025018
C56:3 TAG [M+NH4]+,TG 56:3,0.0622984018351247,0.5148451982404082,0.5630384702218163
homocitrulline,Homocitrulline,-0.05786563470977517,0.524802302178269,0.5726202795977012
glycine,Glycine,-0.05616336405889287,0.5368751021732429,0.5844617589567803
2-aminoheptanoic acid,2-Aminoheptanoic acid,-0.05502315613354978,0.5478941855567087,0.5937586309539897
1-methylguanine,1-Methylguanine,0.04944586955487966,0.547789147025895,0.5937586309539897
linoleate,Linoleic acid,0.057772765466822966,0.5559443840110343,0.6011227086710732
piperine,Piperine,0.05671068198757796,0.5578978805188874,0.6018763170462772
olmesartan,Olmesartan,0.05662751238119923,0.569607120768181,0.6131276648268734
8-hydroxy-deoxyguanosine,8-Hydroxy-deoxyguanosine,-0.05792354410140259,0.5743625170864259,0.6168601921174843
niacinamide,Niacinamide,0.05343328156996184,0.5973992347597468,0.64016607035776
hippurate,Hippuric acid,-0.04531559999168057,0.6115943836238759,0.6539145307049923
pyrocatechol,Pyrocatechol,-0.0415585513297879,0.6293555120718167,0.6714059917202678
isoleucine,Isoleucine,0.0458499186770077,0.6432469240740687,0.6847006147366198
dodecanoate,Lauric acid,0.047671343852418106,0.6499232252546268,0.6902732259356236
C51:0 TAG,TG 51:0,0.041650517747261966,0.6536770812488176,0.6927241635358045
oxypurinol,Oxypurinol,-0.04418012032830762,0.6578685794874315,0.6956270410032664
alloisoleucine,Alloisoleucine,0.04516937028551653,0.6660502679873627,0.7027270448589135
pterin,Pterin,0.04018979919662068,0.6757244521011664,0.7113670605636455
carboxyibuprofen,Carboxyibuprofen,0.04387754338915843,0.6905346269634829,0.7253642243761147
4-aminophenol,4-Aminophenol,-0.03870975639654313,0.6929625639775209,0.7263218121339879
threonine,Threonine,0.03556233811745978,0.7092134959142063,0.7417320186526306
kynurenic acid,Kynurenic acid,0.035795029523660815,0.723967860999432,0.755513301565856
2-hydroxyglutarate,2-Hydroxyglutaric acid,0.030736713930559427,0.7278402765841592,0.7579032445300267
hypoxanthine,Hypoxanthine,-0.034768686489446074,0.7326935987820808,0.7613020256325743
cytosine,Cytosine,0.031101115681719464,0.7824342591839261,0.8112251301928585
4-hydroxybenzaldehyde,4-Hydroxybenzaldehyde,0.021002519643029082,0.8138115615083713,0.841934639227883
myristate,Myristic acid,-0.022585295650849595,0.8176300040242807,0.8440620084647208
5-dodecenoate,5-Dodecenoic acid,0.019173616282181644,0.8481165627905776,0.8736512550036272
4-pyridoxate,4-Pyridoxic acid,-0.01996835905425227,0.8510034386497687,0.874743877925406
cytidine,Cytidine,-0.017535029653153608,0.8636541718953367,0.8820689730018471
phytanate,Phytanic acid,-0.016310779957706557,0.8623190261476825,0.8820689730018471
caffeine,Caffeine,0.016331036316575932,0.8604362581812249,0.8820689730018471
N2_N2-dimethylguanosine,"N2,N2-Dimethylguanosine",0.015435972841424762,0.8717756982257003,0.886582928768812
xylose,Xylose,0.015699279813359168,0.8716672217132915,0.886582928768812
serotonin,Serotonin,-0.013655017509758418,0.8867627789182077,0.8982897876617639
glutamine,Glutamine,0.013593529411075332,0.8870377235156875,0.8982897876617639
9.10-diHOME,"9,10-DiHOME",-0.009478053957677177,0.920616702795689,0.930327849449652
sphinganine,Sphinganine,0.0065872848287100265,0.9486897350339853,0.9566787012237453
pipecolic acid,Pipecolic acid,-0.006614941429825315,0.9553687338040615,0.9613899653196333
12.13-diHOME,"12,13-DiHOME",-0.0047348043980964625,0.9596683369555427,0.9636921035675156
alanine,Alanine,-0.003805141735145104,0.9691828501498002,0.971210429334214
phenylacetylglutamine,alpha-N-Phenylacetylglutamine,0.000126789728293612,0.998899985077403,0.998899985077403
